{"cameraMode":{"drawMode":0,"name":"Shaded","section":"Shading Mode"},"sceneLighting":true,"audioPlay":false,"sceneViewState":{"showFog":false,"showMaterialUpdate":false,"showSkybox":false,"showFlares":false,"showImageEffects":false,"showParticleSystems":false},"in2DMode":false,"pivot":{"x":237.72483825683595,"y":115.83999633789063,"z":230.73480224609376},"rotation":{"x":-0.1322348564863205,"y":-0.35096344351768496,"z":0.0501423105597496,"w":-0.9256480932235718},"size":81.12646484375,"orthographic":true}