{"cameraMode":{"drawMode":0,"name":"Shaded","section":"Shading Mode"},"sceneLighting":true,"audioPlay":false,"sceneViewState":{"showFog":false,"showMaterialUpdate":false,"showSkybox":false,"showFlares":false,"showImageEffects":false,"showParticleSystems":false},"in2DMode":false,"pivot":{"x":123.4800033569336,"y":110.97000122070313,"z":371.6000061035156},"rotation":{"x":-0.05917651578783989,"y":-0.9252615571022034,"z":0.16206425428390504,"w":-0.33782318234443667},"size":6.141256809234619,"orthographic":true}