{"cameraMode":{"drawMode":0,"name":"Shaded","section":"Shading Mode"},"sceneLighting":true,"audioPlay":false,"sceneViewState":{"showFog":false,"showMaterialUpdate":false,"showSkybox":false,"showFlares":false,"showImageEffects":false,"showParticleSystems":false},"in2DMode":false,"pivot":{"x":237.72483825683595,"y":115.35600280761719,"z":230.73480224609376},"rotation":{"x":0.48649337887763979,"y":0.08751944452524185,"z":-0.04905732721090317,"w":0.8679043650627136},"size":443.6408386230469,"orthographic":true}