{"cameraMode":{"drawMode":0,"name":"Shaded","section":"Shading Mode"},"sceneLighting":true,"audioPlay":false,"sceneViewState":{"showFog":false,"showMaterialUpdate":false,"showSkybox":false,"showFlares":false,"showImageEffects":false,"showParticleSystems":false},"in2DMode":false,"pivot":{"x":153.42388916015626,"y":100.28524780273438,"z":393.9248352050781},"rotation":{"x":-0.029342126101255418,"y":0.9634296298027039,"z":-0.11851435154676438,"w":-0.23853036761283875},"size":12.004985809326172,"orthographic":true}