{"cameraMode":{"drawMode":0,"name":"Shaded","section":"Shading Mode"},"sceneLighting":false,"audioPlay":false,"sceneViewState":{"showFog":false,"showMaterialUpdate":false,"showSkybox":false,"showFlares":false,"showImageEffects":false,"showParticleSystems":false},"in2DMode":false,"pivot":{"x":249.17999267578126,"y":111.31999969482422,"z":244.2899932861328},"rotation":{"x":0.014062655158340931,"y":-0.07433191686868668,"z":-0.001044672797434032,"w":-0.9971339106559753},"size":1.930762767791748,"orthographic":true}