{"cameraMode":{"drawMode":0,"name":"Shaded","section":"Shading Mode"},"sceneLighting":true,"audioPlay":false,"sceneViewState":{"showFog":false,"showMaterialUpdate":false,"showSkybox":false,"showFlares":false,"showImageEffects":false,"showParticleSystems":false},"in2DMode":false,"pivot":{"x":124.69999694824219,"y":111.31999969482422,"z":371.6000061035156},"rotation":{"x":0.017927302047610284,"y":0.9635820984840393,"z":-0.25829312205314639,"w":0.0668792873620987},"size":9.565130233764649,"orthographic":true}