{"cameraMode":{"drawMode":0,"name":"Shaded","section":"Shading Mode"},"sceneLighting":true,"audioPlay":false,"sceneViewState":{"showFog":false,"showMaterialUpdate":false,"showSkybox":false,"showFlares":false,"showImageEffects":false,"showParticleSystems":false},"in2DMode":false,"pivot":{"x":145.96800231933595,"y":73.61100769042969,"z":150.5830078125},"rotation":{"x":-0.09518995136022568,"y":0.03641724959015846,"z":-0.003480310086160898,"w":-0.9947867393493652},"size":10.520879745483399,"orthographic":true}