{"cameraMode":{"drawMode":0,"name":"Shaded","section":"Shading Mode"},"sceneLighting":false,"audioPlay":false,"sceneViewState":{"showFog":false,"showMaterialUpdate":false,"showSkybox":false,"showFlares":false,"showImageEffects":false,"showParticleSystems":false},"in2DMode":false,"pivot":{"x":-0.0965728759765625,"y":1.267913818359375,"z":-0.208251953125},"rotation":{"x":0.0063428739085793499,"y":0.9929109215736389,"z":-0.10102519392967224,"w":0.062301844358444217},"size":2.0449559688568117,"orthographic":true}