{"cameraMode":{"drawMode":0,"name":"Shaded","section":"Shading Mode"},"sceneLighting":false,"audioPlay":false,"sceneViewState":{"showFog":false,"showMaterialUpdate":false,"showSkybox":false,"showFlares":false,"showImageEffects":false,"showParticleSystems":false},"in2DMode":false,"pivot":{"x":237.72483825683595,"y":115.83999633789063,"z":230.73480224609376},"rotation":{"x":-0.012642898596823216,"y":-0.19758233428001405,"z":0.0025554297026246788,"w":-0.9802014827728272},"size":3.777026653289795,"orthographic":true}