{"cameraMode":{"drawMode":0,"name":"Shaded","section":"Shading Mode"},"sceneLighting":false,"audioPlay":false,"sceneViewState":{"showFog":true,"showMaterialUpdate":false,"showSkybox":true,"showFlares":true,"showImageEffects":true,"showParticleSystems":true},"in2DMode":false,"pivot":{"x":1.0722064971923829,"y":-0.25663208961486819,"z":1.126936435699463},"rotation":{"x":0.06417504698038101,"y":-0.8812836408615112,"z":0.1253712922334671,"w":0.45111283659935},"size":2.0449881553649904,"orthographic":false}