{"cameraMode":{"drawMode":0,"name":"Shaded","section":"Shading Mode"},"sceneLighting":false,"audioPlay":false,"sceneViewState":{"showFog":true,"showMaterialUpdate":false,"showSkybox":true,"showFlares":true,"showImageEffects":true,"showParticleSystems":true},"in2DMode":false,"pivot":{"x":-8.44469928741455,"y":1.3439805507659913,"z":63.779701232910159},"rotation":{"x":-0.09076166898012161,"y":0.8770554661750794,"z":-0.18309931457042695,"w":-0.43475374579429629},"size":71.15961456298828,"orthographic":false}