{"cameraMode":{"drawMode":0,"name":"Shaded","section":"Shading Mode"},"sceneLighting":false,"audioPlay":false,"sceneViewState":{"showFog":true,"showMaterialUpdate":false,"showSkybox":true,"showFlares":true,"showImageEffects":true,"showParticleSystems":true},"in2DMode":false,"pivot":{"x":1.3469257354736329,"y":-0.3400000035762787,"z":0.0},"rotation":{"x":-0.10019944608211518,"y":0.8983899354934692,"z":-0.3277455270290375,"w":-0.27466070652008059},"size":0.1608133465051651,"orthographic":false}