{"cameraMode":{"drawMode":0,"name":"Shaded","section":"Shading Mode"},"sceneLighting":false,"audioPlay":false,"sceneViewState":{"showFog":true,"showMaterialUpdate":false,"showSkybox":true,"showFlares":true,"showImageEffects":true,"showParticleSystems":true},"in2DMode":false,"pivot":{"x":1.9457066059112549,"y":-0.26529213786125185,"z":1.2140614986419678},"rotation":{"x":-0.018694519996643068,"y":0.9690222144126892,"z":-0.07750366628170014,"w":-0.23375137150287629},"size":0.0043179988861083988,"orthographic":false}