{"cameraMode":{"drawMode":0,"name":"Shaded","section":"Shading Mode"},"sceneLighting":false,"audioPlay":false,"sceneViewState":{"showFog":true,"showMaterialUpdate":false,"showSkybox":true,"showFlares":true,"showImageEffects":true,"showParticleSystems":true},"in2DMode":false,"pivot":{"x":-0.08275175094604492,"y":0.7904019355773926,"z":-0.5708599090576172},"rotation":{"x":-0.15240776538848878,"y":0.8451497554779053,"z":-0.32567620277404787,"w":-0.39551082253456118},"size":40.010372161865237,"orthographic":false}