{"cameraMode":{"drawMode":0,"name":"Shaded","section":"Shading Mode"},"sceneLighting":false,"audioPlay":false,"sceneViewState":{"showFog":true,"showMaterialUpdate":false,"showSkybox":true,"showFlares":true,"showImageEffects":true,"showParticleSystems":true},"in2DMode":false,"pivot":{"x":1.1404738426208497,"y":-0.639790952205658,"z":-0.3238190710544586},"rotation":{"x":-0.10019944608211518,"y":0.8983899354934692,"z":-0.3277455270290375,"w":-0.27466070652008059},"size":1.0744009017944337,"orthographic":false}